{
  "timestamp": "2026-05-24T14:28:06.852015",
  "models": {
    "naive_bayes": {
      "name": "Naive Bayes",
      "accuracy": 86.03896103896103,
      "precision": 85.9160482374768,
      "recall": 86.03896103896103,
      "f1_score": 84.65780251494537,
      "cv_mean": 86.68636210789259,
      "cv_std": 2.146716880211654
    },
    "random_forest": {
      "name": "Random Forest",
      "accuracy": 88.31168831168831,
      "precision": 88.13466295609153,
      "recall": 88.31168831168831,
      "f1_score": 87.0789527932385,
      "cv_mean": 87.40224967953823,
      "cv_std": 0.7407380638363474
    },
    "gradient_boosting": {
      "name": "Gradient Boosting",
      "accuracy": 75.0,
      "precision": 73.90847247990105,
      "recall": 75.0,
      "f1_score": 72.01324469181613,
      "cv_mean": 71.68483248761767,
      "cv_std": 3.9490754895797764
    },
    "svm": {
      "name": "Svm",
      "accuracy": 86.68831168831169,
      "precision": 87.09570191713048,
      "recall": 86.68831168831169,
      "f1_score": 85.42620078334365,
      "cv_mean": 86.16768177830366,
      "cv_std": 1.2741884854528298
    },
    "logistic_regression": {
      "name": "Logistic Regression",
      "accuracy": 88.31168831168831,
      "precision": 88.43228200371057,
      "recall": 88.31168831168831,
      "f1_score": 87.15625644197073,
      "cv_mean": 87.79148115280276,
      "cv_std": 0.8856832240679479
    }
  },
  "comparison": {
    "best_model": "Logistic Regression",
    "best_f1_score": 87.15625644197073
  }
}